{"state":{"testRunDurationMs":8274.949,"isStdOutTTY":true,"isStdErrTTY":true},"metrics":{"http_req_tls_handshaking":{"type":"trend","contains":"time","values":{"avg":128.14425,"min":0,"med":0,"max":519.615,"p(90)":511.32009999999997,"p(95)":511.7528}},"http_req_waiting":{"type":"trend","contains":"time","values":{"p(90)":257.7502,"p(95)":260.5317,"avg":255.42829999999998,"min":252.876,"med":254.901,"max":260.678}},"vus":{"values":{"min":5,"max":5,"value":5},"type":"gauge","contains":"default"},"http_reqs":{"type":"counter","contains":"default","values":{"count":20,"rate":2.4169333249062928}},"http_req_duration":{"type":"trend","contains":"time","values":{"avg":255.6286,"min":252.999,"med":255.0285,"max":260.89,"p(90)":257.8066,"p(95)":260.64205000000004},"thresholds":{"p(95)<500":{"ok":true}}},"http_req_blocked":{"type":"trend","contains":"time","values":{"max":778.329,"p(90)":765.3184,"p(95)":767.35745,"avg":308.1736,"min":0.003,"med":232.148}},"vus_max":{"type":"gauge","contains":"default","values":{"value":5,"min":5,"max":5}},"data_received":{"values":{"count":37755,"rate":4562.565884091854},"type":"counter","contains":"data"},"http_req_duration{expected_response:true}":{"type":"trend","contains":"time","values":{"avg":255.6286,"min":252.999,"med":255.0285,"max":260.89,"p(90)":257.8066,"p(95)":260.64205000000004}},"http_req_connecting":{"type":"trend","contains":"time","values":{"min":0,"med":126.8815,"max":258.589,"p(90)":255.13580000000002,"p(95)":255.52904999999998,"avg":127.54249999999999}},"data_sent":{"type":"counter","contains":"data","values":{"count":4490,"rate":542.6015314414627}},"http_req_failed":{"type":"rate","contains":"default","values":{"rate":0,"passes":0,"fails":20},"thresholds":{"rate<0.01":{"ok":true}}},"iteration_duration":{"values":{"p(95)":4752.92584225,"avg":4129.764567600001,"min":3510.219678,"med":4129.6084275,"max":4759.178671,"p(90)":4746.6730135},"type":"trend","contains":"time"},"iterations":{"type":"counter","contains":"default","values":{"count":10,"rate":1.2084666624531464}},"http_req_sending":{"type":"trend","contains":"time","values":{"max":0.31,"p(90)":0.16330000000000003,"p(95)":0.18175000000000008,"avg":0.08205,"min":0.012,"med":0.052000000000000005}},"http_req_receiving":{"type":"trend","contains":"time","values":{"min":0.027,"med":0.05499999999999999,"max":0.866,"p(90)":0.19260000000000008,"p(95)":0.27415000000000045,"avg":0.11825000000000001}}},"root_group":{"name":"","path":"","id":"d41d8cd98f00b204e9800998ecf8427e","groups":[],"checks":[]},"options":{"summaryTrendStats":["avg","min","med","max","p(90)","p(95)"],"summaryTimeUnit":"","noColor":false}}